ts,cycle_id,from_agent,to_agent,pattern,branch_id,artifact
2026-06-22 18:34:02,cycle-3bdab758,orchestrator,research,one_way_handoff,cycle-3bdab758,"{""task"": ""forecast"", ""symbol"": ""NVDA"", ""horizon_days"": 5}"
2026-06-22 18:34:31,cycle-3bdab758,research_generator,research_tot,brainstorming,root,"{""k"": 3, ""depth"": 1, ""directions"": [""neutral"", ""neutral"", ""bullish""]}"
2026-06-22 18:34:37,cycle-3bdab758,critic,research_tot,two_way_validation,d1.b1,"{""role"": ""critic"", ""scores"": [0.8, 0.7, 1.0]}"
2026-06-22 18:34:40,cycle-3bdab758,verifier,research_tot,two_way_validation,d1.b1,"{""role"": ""verifier"", ""verdict"": ""REJECT \u2014 evidence does not entail claim"", ""grounded"": true, ""entails"": false}"
2026-06-22 18:34:40,cycle-3bdab758,verifier,research_tot,two_way_validation,d1.b2,"{""role"": ""verifier"", ""verdict"": ""PASS"", ""grounded"": true, ""entails"": true}"
2026-06-22 18:34:40,cycle-3bdab758,verifier,research_tot,two_way_validation,d1.b3,"{""role"": ""verifier"", ""verdict"": ""PASS"", ""grounded"": true, ""entails"": true}"
2026-06-22 18:35:01,cycle-3bdab758,research_generator,research_tot,brainstorming,root,"{""k"": 1, ""depth"": 1, ""directions"": [""neutral""]}"
2026-06-22 18:35:03,cycle-3bdab758,critic,research_tot,two_way_validation,d1.b1r1,"{""role"": ""critic"", ""scores"": [0.8]}"
2026-06-22 18:35:03,cycle-3bdab758,verifier,research_tot,two_way_validation,d1.b1r1,"{""role"": ""verifier"", ""verdict"": ""REJECT \u2014 evidence does not entail claim"", ""grounded"": true, ""entails"": false}"
2026-06-22 18:35:26,cycle-3bdab758,research_generator,research_tot,brainstorming,d1.b3,"{""k"": 3, ""depth"": 2, ""directions"": [""bullish"", ""bullish"", ""cautious""]}"
2026-06-22 18:35:28,cycle-3bdab758,critic,research_tot,two_way_validation,d2.b1,"{""role"": ""critic"", ""scores"": [0.9, 0.85, 0.65]}"
2026-06-22 18:35:28,cycle-3bdab758,verifier,research_tot,two_way_validation,d2.b1,"{""role"": ""verifier"", ""verdict"": ""PASS"", ""grounded"": true, ""entails"": true}"
2026-06-22 18:35:29,cycle-3bdab758,verifier,research_tot,two_way_validation,d2.b2,"{""role"": ""verifier"", ""verdict"": ""PASS"", ""grounded"": true, ""entails"": true}"
2026-06-22 18:35:29,cycle-3bdab758,verifier,research_tot,two_way_validation,d2.b3,"{""role"": ""verifier"", ""verdict"": ""PASS"", ""grounded"": true, ""entails"": true}"
2026-06-22 18:35:58,cycle-3bdab758,research_generator,research_tot,brainstorming,d1.b2,"{""k"": 3, ""depth"": 2, ""directions"": [""neutral"", ""bullish"", ""neutral""]}"
2026-06-22 18:36:00,cycle-3bdab758,critic,research_tot,two_way_validation,d2.b1,"{""role"": ""critic"", ""scores"": [0.8, 0.7, 0.5]}"
2026-06-22 18:36:00,cycle-3bdab758,verifier,research_tot,two_way_validation,d2.b1,"{""role"": ""verifier"", ""verdict"": ""PASS"", ""grounded"": true, ""entails"": true}"
2026-06-22 18:36:01,cycle-3bdab758,verifier,research_tot,two_way_validation,d2.b2,"{""role"": ""verifier"", ""verdict"": ""PASS"", ""grounded"": true, ""entails"": true}"
2026-06-22 18:36:01,cycle-3bdab758,verifier,research_tot,two_way_validation,d2.b3,"{""role"": ""verifier"", ""verdict"": ""PASS"", ""grounded"": true, ""entails"": true}"
2026-06-22 18:36:01,cycle-3bdab758,research,risk_gate,one_way_handoff,d2.b1,"{""escalate"": false, ""mu"": 0.01654, ""sigma"": 0.05801, ""score"": 0.9}"
2026-06-22 18:36:01,cycle-3bdab758,risk_gate,reporting,two_way_validation,cycle-3bdab758,"{""role"": ""gate"", ""status"": ""approved"", ""reasons"": [""all checks passed""]}"
2026-06-22 18:36:06,cycle-3bdab758,reporting,memory_write,one_way_handoff,cycle-3bdab758,"{""report_chars"": 2165}"
2026-06-22 18:36:06,cycle-e5e7613e,orchestrator,research,one_way_handoff,cycle-e5e7613e,"{""task"": ""forecast"", ""symbol"": ""NVDA"", ""horizon_days"": 5}"
2026-06-22 18:36:08,cycle-e5e7613e,risk_gate,reporting,two_way_validation,cycle-e5e7613e,"{""role"": ""gate"", ""status"": ""rejected_by_pm"", ""reasons"": [""|mean_shift| above autonomy threshold 0.030 \u2014 PM approval required""]}"
2026-06-22 18:36:13,cycle-e5e7613e,reporting,memory_write,one_way_handoff,cycle-e5e7613e,"{""report_chars"": 1730}"
2026-06-22 18:36:17,cycle-9f570a47,orchestrator,research,one_way_handoff,cycle-9f570a47,"{""task"": ""forecast"", ""symbol"": ""NVDA"", ""horizon_days"": 5}"
2026-06-22 18:36:18,cycle-9f570a47,risk_gate,orchestrator,two_way_validation,cycle-9f570a47,"{""role"": ""gate"", ""status"": ""fallback_resolved"", ""kind"": ""fallback_escalation""}"
2026-06-22 18:36:23,cycle-9f570a47,reporting,memory_write,one_way_handoff,cycle-9f570a47,"{""report_chars"": 1387}"
2026-06-22 18:36:25,cycle-de36cd16,orchestrator,research,one_way_handoff,cycle-de36cd16,"{""task"": ""forecast"", ""symbol"": ""NVDA"", ""horizon_days"": 5}"
2026-06-22 18:36:28,cycle-de36cd16,risk_gate,reporting,two_way_validation,cycle-de36cd16,"{""role"": ""gate"", ""status"": ""approved"", ""reasons"": [""all checks passed""]}"
2026-06-22 18:36:36,cycle-de36cd16,reporting,memory_write,one_way_handoff,cycle-de36cd16,"{""report_chars"": 2607}"
2026-06-22 18:36:46,cycle-96878d0e,orchestrator,research,one_way_handoff,cycle-96878d0e,"{""task"": ""forecast"", ""symbol"": ""SPY"", ""horizon_days"": 5}"
2026-06-22 18:37:36,cycle-96878d0e,research_generator,research_tot,brainstorming,root,"{""k"": 3, ""depth"": 1, ""directions"": [""bearish"", ""bullish"", ""neutral""]}"
2026-06-22 18:37:46,cycle-96878d0e,critic,research_tot,two_way_validation,d1.b1,"{""role"": ""critic"", ""scores"": [0.7, 0.9, 0.5]}"
2026-06-22 18:37:47,cycle-96878d0e,verifier,research_tot,two_way_validation,d1.b1,"{""role"": ""verifier"", ""verdict"": ""PASS"", ""grounded"": true, ""entails"": true}"
2026-06-22 18:37:48,cycle-96878d0e,verifier,research_tot,two_way_validation,d1.b2,"{""role"": ""verifier"", ""verdict"": ""PASS"", ""grounded"": true, ""entails"": true}"
2026-06-22 18:37:48,cycle-96878d0e,verifier,research_tot,two_way_validation,d1.b3,"{""role"": ""verifier"", ""verdict"": ""REJECT \u2014 evidence does not entail claim"", ""grounded"": true, ""entails"": false}"
2026-06-22 18:37:59,cycle-96878d0e,research_generator,research_tot,brainstorming,root,"{""k"": 1, ""depth"": 1, ""directions"": [""neutral""]}"
2026-06-22 18:38:01,cycle-96878d0e,critic,research_tot,two_way_validation,d1.b3r1,"{""role"": ""critic"", ""scores"": [0.6]}"
2026-06-22 18:38:01,cycle-96878d0e,verifier,research_tot,two_way_validation,d1.b3r1,"{""role"": ""verifier"", ""verdict"": ""REJECT \u2014 evidence does not entail claim"", ""grounded"": true, ""entails"": false}"
2026-06-22 18:38:10,cycle-96878d0e,research_generator,research_tot,brainstorming,root,"{""k"": 1, ""depth"": 1, ""directions"": [""neutral""]}"
2026-06-22 18:38:12,cycle-96878d0e,critic,research_tot,two_way_validation,d1.b3r1r2,"{""role"": ""critic"", ""scores"": [0.6]}"
2026-06-22 18:38:12,cycle-96878d0e,verifier,research_tot,two_way_validation,d1.b3r1r2,"{""role"": ""verifier"", ""verdict"": ""REJECT \u2014 evidence does not entail claim"", ""grounded"": true, ""entails"": false}"
2026-06-22 18:38:41,cycle-96878d0e,research_generator,research_tot,brainstorming,d1.b2,"{""k"": 3, ""depth"": 2, ""directions"": [""bullish"", ""bearish"", ""bullish""]}"
2026-06-22 18:38:43,cycle-96878d0e,critic,research_tot,two_way_validation,d2.b1,"{""role"": ""critic"", ""scores"": [0.7, 0.3, 0.6]}"
2026-06-22 18:38:43,cycle-96878d0e,verifier,research_tot,two_way_validation,d2.b1,"{""role"": ""verifier"", ""verdict"": ""PASS"", ""grounded"": true, ""entails"": true}"
2026-06-22 18:38:44,cycle-96878d0e,verifier,research_tot,two_way_validation,d2.b2,"{""role"": ""verifier"", ""verdict"": ""PASS"", ""grounded"": true, ""entails"": true}"
2026-06-22 18:38:44,cycle-96878d0e,verifier,research_tot,two_way_validation,d2.b3,"{""role"": ""verifier"", ""verdict"": ""PASS"", ""grounded"": true, ""entails"": true}"
2026-06-22 18:39:08,cycle-96878d0e,research_generator,research_tot,brainstorming,d1.b1,"{""k"": 3, ""depth"": 2, ""directions"": [""bearish"", ""bearish"", ""bearish""]}"
2026-06-22 18:39:11,cycle-96878d0e,critic,research_tot,two_way_validation,d2.b1,"{""role"": ""critic"", ""scores"": [0.7, 0.8, 0.6]}"
2026-06-22 18:39:11,cycle-96878d0e,verifier,research_tot,two_way_validation,d2.b1,"{""role"": ""verifier"", ""verdict"": ""PASS"", ""grounded"": true, ""entails"": true}"
2026-06-22 18:39:11,cycle-96878d0e,verifier,research_tot,two_way_validation,d2.b2,"{""role"": ""verifier"", ""verdict"": ""REJECT \u2014 evidence does not entail claim"", ""grounded"": true, ""entails"": false}"
2026-06-22 18:39:11,cycle-96878d0e,verifier,research_tot,two_way_validation,d2.b3,"{""role"": ""verifier"", ""verdict"": ""REJECT \u2014 evidence does not entail claim"", ""grounded"": true, ""entails"": false}"
2026-06-22 18:39:20,cycle-96878d0e,research_generator,research_tot,brainstorming,d1.b1,"{""k"": 1, ""depth"": 2, ""directions"": [""bearish""]}"
2026-06-22 18:39:22,cycle-96878d0e,critic,research_tot,two_way_validation,d2.b2r1,"{""role"": ""critic"", ""scores"": [0.7]}"
2026-06-22 18:39:22,cycle-96878d0e,verifier,research_tot,two_way_validation,d2.b2r1,"{""role"": ""verifier"", ""verdict"": ""REJECT \u2014 evidence does not entail claim"", ""grounded"": true, ""entails"": false}"
2026-06-22 18:39:29,cycle-96878d0e,research_generator,research_tot,brainstorming,d1.b1,"{""k"": 1, ""depth"": 2, ""directions"": [""bearish""]}"
2026-06-22 18:39:31,cycle-96878d0e,critic,research_tot,two_way_validation,d2.b3r1,"{""role"": ""critic"", ""scores"": [0.7]}"
2026-06-22 18:39:31,cycle-96878d0e,verifier,research_tot,two_way_validation,d2.b3r1,"{""role"": ""verifier"", ""verdict"": ""PASS"", ""grounded"": true, ""entails"": true}"
2026-06-22 18:39:31,cycle-96878d0e,research,risk_gate,one_way_handoff,d2.b1,"{""escalate"": false, ""mu"": 0.00647, ""sigma"": 0.01984, ""score"": 0.85}"
